{
    "success_extrapolations": [
        1357.299999999999,
        1302.1999999999991,
        1326.0999999999992,
        1488.7,
        1435.6999999999998,
        1342.0999999999992,
        1521.3999999999996,
        1355.4999999999986,
        1353.2999999999995,
        1394.3999999999994,
        1533.3999999999994,
        1400.0999999999992,
        1374.5,
        1307.7999999999981,
        1237.9999999999995,
        1317.4999999999998,
        1485.7999999999997,
        1373.999999999999,
        1530.7999999999988,
        1435.1999999999998,
        1298.799999999999,
        1479.2999999999993,
        1519.299999999999,
        1290.5999999999997,
        1396.0999999999988,
        1403.6000000000001,
        1308.5999999999997,
        1306.0999999999979,
        1279.2999999999995,
        1288.2999999999997,
        1239.1999999999978,
        1291.499999999999,
        1274.2999999999988,
        1343.5999999999992,
        1395.2999999999995,
        1250.8999999999999,
        1406.3999999999994,
        1366.2999999999997,
        1472.699999999999,
        1345.2999999999986,
        1512.999999999999,
        1340.3999999999987,
        1280.6,
        1484.1999999999994,
        1469.9999999999995,
        1408.6999999999996,
        1409.4999999999993,
        1528.4000000000003,
        1339.8999999999992,
        1333.9999999999998,
        1283.299999999999,
        1336.0999999999995,
        1569.4000000000003,
        1482.4999999999993,
        1335.1999999999998,
        1387.9999999999993,
        1323.3999999999992,
        1266.0999999999983,
        1307.1,
        1438.3999999999992,
        1357.9999999999993,
        1286.1999999999973,
        1332.2999999999993,
        1306.5999999999992,
        1456.0999999999988,
        1420.4,
        1299.7999999999988,
        1295.1999999999994,
        1279.8999999999992
    ],
    "fail_extrapolations": [
        1243.899999999998,
        1250.2999999999995,
        1203.099999999998,
        1082.7999999999984,
        1251.8999999999983,
        1165.0999999999979,
        1254.8999999999976,
        1194.4999999999998,
        1238.9999999999993,
        1226.8999999999996,
        1239.0999999999983,
        1252.7999999999988,
        1236.4999999999986,
        1297.299999999999,
        1273.999999999999,
        1133.2999999999993,
        1155.0999999999992,
        1189.4999999999986,
        1284.899999999999,
        1213.699999999999,
        1196.0999999999985,
        1272.7999999999993,
        1048.6999999999982,
        1215.1999999999982,
        1149.0999999999979,
        1233.2999999999984,
        1110.299999999999,
        1133.3999999999994,
        1288.0999999999997,
        1247.7999999999988,
        1248.299999999999
    ],
    "success_counts_without_mit": [
        1316.0,
        1252.0,
        1241.0,
        1316.0,
        1303.0,
        1280.0,
        1352.0,
        1286.0,
        1292.0,
        1297.0,
        1354.0,
        1330.0,
        1290.0,
        1274.0,
        1226.0,
        1277.0,
        1358.0,
        1295.0,
        1345.0,
        1339.0,
        1270.0,
        1330.0,
        1341.0,
        1264.0,
        1315.0,
        1284.0,
        1286.0,
        1304.0,
        1269.0,
        1275.0,
        1235.0,
        1268.0,
        1254.0,
        1340.0,
        1334.0,
        1245.0,
        1307.0,
        1275.0,
        1309.0,
        1294.0,
        1387.0,
        1302.0,
        1275.0,
        1341.0,
        1316.0,
        1308.0,
        1325.0,
        1336.0,
        1294.0,
        1292.0,
        1260.0,
        1299.0,
        1342.0,
        1314.0,
        1289.0,
        1276.0,
        1258.0,
        1264.0,
        1290.0,
        1297.0,
        1311.0,
        1282.0,
        1287.0,
        1279.0,
        1303.0,
        1279.0,
        1265.0,
        1268.0,
        1271.0
    ],
    "fail_counts_without_mit": [
        1296.0,
        1273.0,
        1272.0,
        1182.0,
        1317.0,
        1233.0,
        1266.0,
        1228.0,
        1265.0,
        1242.0,
        1265.0,
        1257.0,
        1238.0,
        1305.0,
        1279.0,
        1210.0,
        1211.0,
        1250.0,
        1289.0,
        1249.0,
        1228.0,
        1281.0,
        1186.0,
        1262.0,
        1224.0,
        1262.0,
        1237.0,
        1212.0,
        1294.0,
        1306.0,
        1272.0
    ],
    "n_sample_where_extrapolation_is_better_than_nomit": 69,
    "n_sample": 100,