{"success_extrapolations": [5025.353898410021, 6056.233324767365, 2617.265889191337, 1928.11192842211, 7211.722623023915, 4268.234905590215, 5065.80291657556, 6867.944702840428, 5707.865041131247, 7010.342865689254, 3281.0328762150325, 1803.2947800878214, 3926.9570240142734, 3290.1152338179268, 6468.771733368358, 3407.0664833452047, 2812.678585391998, 4628.73941274942, 8876.696073976138], "fail_extrapolations": [14259.04842604564, -8773.060385890569, -15298.603221270183, -19248.806634772853, 46897.85321967989, 1420.668128178542, -9832.316785299561, -70.87522589099298, -7594.929438083297, -8294.007822991454, -25720.928820314628, 18197.514633633127, -8164.628613965652, 16210.584278622106, -30076.40995026684, 17543.48840026574, 29583.810977536697, 16253.708783675509, 17826.502740810927, -3323.70712758022, 20163.2191546814, -17429.758210665495, -10329.79630237792, 11943.07986519684, 24238.65223788353, -4961.391096502432, 14401.228019907938, -20001.593982087616, 17109.30887391003, 27009.717672690324, 32868.20530901843, -9392.049464869802, 27854.488010276906, 11358.998970398316, -5234.4685712890005, -253.65291392959716, 22449.843141778172, -3251.943473636013, 36393.08261595733, -33384.100821377266, 1029.218245537783, 26722.762605879692, 19188.057908053386, -6179.749682009463, -5003.821831543045, 15273.536364455334, -11353.633571088256, 22846.861959616584, -2649.865045015463, 18181.82571972762, -38731.12652828784, -7833.337063514282, -15046.898974618229, -8753.517683088812, -579.7597031046591, 23832.731136135764, 50981.85130909471, -19479.434511029427, -11597.831551522453, 32091.77418593558, 53268.417134614596, 14850.436459499375, 22844.561811051073, -3573.417529963539, -20546.264591983614, 13139.894824664647, 26442.101662060384, 15265.549095040971, 19041.736207392456, 14480.276558632459, 11784.970376239924, 30398.30279344997, 10040.12454098819, -11182.267930894994, 20665.083265291913, -761.804680976516, 16871.858305518355, 27122.069531331348, 23132.377220241124, -2991.331444439862, 31942.61937429237], "success_counts_without_mit": [1546.0, 1470.0, 1525.0, 1541.0, 1470.0, 1575.0, 1531.0, 1518.0, 1511.0, 1556.0, 1552.0, 1527.0, 1538.0, 1582.0, 1481.0, 1590.0, 1583.0, 1507.0, 1488.0], "fail_counts_without_mit": [1544.0, 1527.0, 1574.0, 1526.0, 1550.0, 1541.0, 1526.0, 1529.0, 1486.0, 1627.0, 1520.0, 1523.0, 1570.0, 1528.0, 1498.0, 1531.0, 1517.0, 1581.0, 1528.0, 1521.0, 1515.0, 1535.0, 1461.0, 1568.0, 1566.0, 1548.0, 1573.0, 1610.0, 1496.0, 1600.0, 1622.0, 1588.0, 1550.0, 1553.0, 1538.0, 1512.0, 1558.0, 1522.0, 1546.0, 1521.0, 1549.0, 1548.0, 1532.0, 1551.0, 1565.0, 1575.0, 1561.0, 1582.0, 1534.0, 1529.0, 1521.0, 1550.0, 1537.0, 1529.0, 1528.0, 1558.0, 1543.0, 1541.0, 1598.0, 1489.0, 1598.0, 1583.0, 1505.0, 1529.0, 1608.0, 1584.0, 1575.0, 1561.0, 1551.0, 1565.0, 1514.0, 1578.0, 1483.0, 1530.0, 1523.0, 1536.0, 1548.0, 1515.0, 1535.0, 1570.0, 1569.0], "n_sample_where_extrapolation_is_better_than_nomit": 19, "expectation_values": [[1544.0, 1407.0, 1363.0, 1295.0, 1263.0], [1527.0, 1465.0, 1319.0, 1235.0, 1286.0], [1546.0, 1391.0, 1326.0, 1308.0, 1296.0], [1574.0, 1393.0, 1261.0, 1298.0, 1202.0], [1526.0, 1401.0, 1291.0, 1347.0, 1226.0], [1470.0, 1386.0, 1331.0, 1274.0, 1262.0], [1550.0, 1344.0, 1373.0, 1228.0, 1249.0], [1541.0, 1380.0, 1310.0, 1303.0, 1210.0], [1526.0, 1450.0, 1309.0, 1240.0, 1231.0], [1529.0, 1416.0, 1330.0, 1288.0, 1248.0], [1486.0, 1458.0, 1358.0, 1292.0, 1229.0], [1525.0, 1400.0, 1332.0, 1299.0, 1225.0], [1627.0, 1403.0, 1284.0, 1323.0, 1267.0], [1520.0, 1414.0, 1244.0, 1268.0, 1277.0], [1523.0, 1345.0, 1313.0, 1277.0, 1369.0], [1570.0, 1386.0, 1284.0, 1317.0, 1240.0], [1541.0, 1414.0, 1341.0, 1303.0, 1198.0], [1470.0, 1360.0, 1325.0, 1297.0, 1233.0], [1528.0, 1367.0, 1333.0, 1285.0, 1287.0], [1498.0, 1434.0, 1273.0, 1310.0, 1295.0], [1575.0, 1378.0, 1286.0, 1262.0, 1245.0], [1531.0, 1377.0, 1369.0, 1332.0, 1252.0], [1531.0, 1450.0, 1344.0, 1227.0, 1254.0], [1517.0, 1327.0, 1342.0, 1284.0, 1269.0], [1581.0, 1339.0, 1293.0, 1284.0, 1316.0], [1528.0, 1357.0, 1330.0, 1274.0, 1184.0], [1521.0, 1401.0, 1301.0, 1270.0, 1253.0], [1515.0, 1423.0, 1405.0, 1301.0, 1256.0], [1535.0, 1407.0, 1274.0, 1289.0, 1181.0], [1461.0, 1346.0, 1269.0, 1310.0, 1252.0], [1518.0, 1361.0, 1302.0, 1281.0, 1273.0], [1568.0, 1355.0, 1298.0, 1280.0, 1272.0], [1566.0, 1342.0, 1315.0, 1251.0, 1184.0], [1511.0, 1391.0, 1324.0, 1274.0, 1248.0], [1548.0, 1399.0, 1303.0, 1303.0, 1252.0], [1573.0, 1433.0, 1363.0, 1255.0, 1187.0], [1610.0, 1444.0, 1272.0, 1288.0, 1270.0], [1496.0, 1342.0, 1342.0, 1321.0, 1256.0], [1600.0, 1391.0, 1384.0, 1315.0, 1219.0], [1622.0, 1368.0, 1363.0, 1289.0, 1227.0], [1588.0, 1445.0, 1341.0, 1352.0, 1261.0], [1550.0, 1313.0, 1313.0, 1276.0, 1258.0], [1553.0, 1393.0, 1331.0, 1275.0, 1257.0], [1538.0, 1426.0, 1309.0, 1267.0, 1280.0], [1512.0, 1390.0, 1298.0, 1258.0, 1243.0], [1558.0, 1382.0, 1354.0, 1277.0, 1256.0], [1522.0, 1416.0, 1311.0, 1262.0, 1233.0], [1546.0, 1370.0, 1376.0, 1254.0, 1276.0], [1521.0, 1440.0, 1263.0, 1312.0, 1297.0], [1556.0, 1381.0, 1336.0, 1333.0, 1237.0], [1549.0, 1422.0, 1345.0, 1311.0, 1229.0], [1552.0, 1382.0, 1303.0, 1282.0, 1231.0], [1548.0, 1431.0, 1433.0, 1328.0, 1292.0], [1527.0, 1355.0, 1308.0, 1342.0, 1284.0], [1532.0, 1397.0, 1360.0, 1265.0, 1228.0], [1551.0, 1399.0, 1315.0, 1339.0, 1265.0], [1538.0, 1467.0, 1357.0, 1249.0, 1369.0], [1565.0, 1434.0, 1333.0, 1316.0, 1272.0], [1575.0, 1426.0, 1350.0, 1245.0, 1262.0], [1561.0, 1420.0, 1316.0, 1341.0, 1262.0], [1582.0, 1358.0, 1360.0, 1344.0, 1261.0], [1582.0, 1421.0, 1313.0, 1254.0, 1260.0], [1534.0, 1419.0, 1330.0, 1299.0, 1228.0], [1481.0, 1432.0, 1383.0, 1309.0, 1295.0], [1529.0, 1351.0, 1323.0, 1280.0, 1280.0], [1521.0, 1469.0, 1292.0, 1345.0, 1220.0], [1550.0, 1421.0, 1316.0, 1307.0, 1227.0], [1590.0, 1490.0, 1376.0, 1269.0, 1274.0], [1537.0, 1396.0, 1282.0, 1325.0, 1290.0], [1529.0, 1391.0, 1270.0, 1262.0, 1263.0], [1528.0, 1379.0, 1305.0, 1314.0, 1331.0], [1558.0, 1400.0, 1377.0, 1292.0, 1316.0], [1543.0, 1326.0, 1367.0, 1226.0, 1313.0], [1541.0, 1446.0, 1318.0, 1334.0, 1230.0], [1598.0, 1425.0, 1305.0, 1328.0, 1234.0], [1583.0, 1399.0, 1308.0, 1279.0, 1201.0], [1489.0, 1337.0, 1360.0, 1275.0, 1288.0], [1598.0, 1369.0, 1402.0, 1236.0, 1281.0], [1583.0, 1421.0, 1347.0, 1254.0, 1256.0], [1505.0, 1401.0, 1365.0, 1236.0, 1273.0], [1529.0, 1437.0, 1339.0, 1289.0, 1230.0], [1608.0, 1496.0, 1338.0, 1342.0, 1317.0], [1584.0, 1422.0, 1358.0, 1285.0, 1244.0], [1507.0, 1392.0, 1321.0, 1269.0, 1237.0], [1575.0, 1359.0, 1338.0, 1269.0, 1254.0], [1561.0, 1379.0, 1317.0, 1251.0, 1258.0], [1551.0, 1342.0, 1304.0, 1258.0, 1237.0], [1565.0, 1403.0, 1342.0, 1273.0, 1300.0], [1514.0, 1386.0, 1314.0, 1231.0, 1289.0], [1578.0, 1356.0, 1337.0, 1257.0, 1316.0], [1483.0, 1344.0, 1319.0, 1306.0, 1260.0], [1530.0, 1414.0, 1313.0, 1325.0, 1247.0], [1523.0, 1347.0, 1325.0, 1271.0, 1267.0], [1488.0, 1373.0, 1316.0, 1262.0, 1292.0], [1536.0, 1434.0, 1331.0, 1272.0, 1295.0], [1548.0, 1381.0, 1325.0, 1246.0, 1250.0], [1515.0, 1381.0, 1385.0, 1298.0, 1316.0], [1535.0, 1388.0, 1352.0, 1255.0, 1339.0], [1570.0, 1434.0, 1318.0, 1271.0, 1240.0], [1569.0, 1320.0, 1321.0, 1263.0, 1235.0]], "ideal_count": 10000}