{"success_extrapolations": [7785.968051392568, 9077.909097706022, 8873.52636813436, 9704.83340577492, 2562.415465914228, 5500.037399157148, 3183.648015086339, 2730.1544877091487, 8734.171303656183, 9242.309196391137, 4391.278078265491, 7194.314932999597, 6478.902767137774, 6074.960487250746, 4186.73314823075, 2828.607978311757, 5415.837366328232, 1744.7669224316232, 8588.870194945112, 3830.681879131338, 2348.664475048662], "fail_extrapolations": [-13247.185233328993, 11069.237424214387, -903.5322499545468, -26262.746199823763, -8418.321416546136, -352.7989943937654, 24531.321418482625, 33591.66276794026, -4449.223375065978, 17423.723982863026, -11067.771596893977, 28330.02725421097, 28855.47054742747, 21209.60365205168, -18308.469636819005, 628.978317745001, 12050.74814004195, 28278.030748527617, -3086.084443021152, 23061.193604149077, 613.4810532210108, -2458.741163064324, 12000.27891116681, -4571.484897694358, 26146.745963795725, 20646.261511449553, 28698.843322439672, -641.8624423682774, 18468.457860554794, -1214.648802338545, -2135.707256766753, -10502.413578637492, -2637.1786696510044, 12646.619554966484, -11818.751122473826, -18551.844875094965, 14282.32086532179, -10841.425800737154, 16147.892436190901, 10745.391381099222, -6869.330184152976, 22562.631939270566, -14358.167578645425, 37444.868314944215, 16154.256477109231, 20931.320865804166, 387.95353844027767, 21242.721445778552, -23124.07769574827, 20285.862843515846, -3493.6388744930287, 21691.154418736365, 30196.047522225424, -11988.845498685392, -5260.454266682544, -18697.46161373011, -3678.173695042661, 18590.279953874266, 16751.094250904087, 10243.414196397895, 25152.273619417272, 20415.198377695444, -12005.925224987708, 30728.575697015513, 21729.50255528778, 19663.41189582663, 29362.1832989423, -21619.44808666022, -23080.332339501747, 12945.902057587084, 30678.736021863046, -10346.142692011186, 12120.185028383718, 41797.47060278463, -1171.9954731683367, -14239.389211170648, 31794.544782863322, -8000.7531976977625, 24188.197481651372], "success_counts_without_mit": [1336.0, 1349.0, 1329.0, 1360.0, 1330.0, 1347.0, 1337.0, 1316.0, 1357.0, 1341.0, 1359.0, 1378.0, 1307.0, 1278.0, 1332.0, 1368.0, 1360.0, 1368.0, 1357.0, 1369.0, 1334.0], "fail_counts_without_mit": [1413.0, 1294.0, 1372.0, 1329.0, 1307.0, 1300.0, 1328.0, 1355.0, 1333.0, 1328.0, 1336.0, 1379.0, 1343.0, 1347.0, 1387.0, 1287.0, 1326.0, 1287.0, 1294.0, 1327.0, 1363.0, 1341.0, 1386.0, 1380.0, 1333.0, 1339.0, 1396.0, 1368.0, 1393.0, 1339.0, 1316.0, 1327.0, 1285.0, 1361.0, 1248.0, 1330.0, 1368.0, 1312.0, 1326.0, 1341.0, 1344.0, 1270.0, 1343.0, 1287.0, 1359.0, 1347.0, 1326.0, 1330.0, 1339.0, 1284.0, 1274.0, 1329.0, 1353.0, 1304.0, 1308.0, 1252.0, 1321.0, 1353.0, 1270.0, 1346.0, 1327.0, 1366.0, 1324.0, 1307.0, 1409.0, 1350.0, 1290.0, 1312.0, 1327.0, 1366.0, 1328.0, 1343.0, 1370.0, 1364.0, 1340.0, 1288.0, 1363.0, 1258.0, 1308.0], "n_sample_where_extrapolation_is_better_than_nomit": 21, "expectation_values": [[1413.0, 1315.0, 1233.0, 1281.0, 1256.0], [1336.0, 1246.0, 1270.0, 1307.0, 1248.0], [1349.0, 1227.0, 1245.0, 1289.0, 1259.0], [1294.0, 1256.0, 1285.0, 1275.0, 1234.0], [1372.0, 1259.0, 1230.0, 1267.0, 1191.0], [1329.0, 1296.0, 1277.0, 1224.0, 1264.0], [1329.0, 1310.0, 1218.0, 1290.0, 1244.0], [1360.0, 1214.0, 1220.0, 1261.0, 1251.0], [1307.0, 1268.0, 1209.0, 1218.0, 1202.0], [1300.0, 1323.0, 1305.0, 1277.0, 1277.0], [1328.0, 1244.0, 1282.0, 1235.0, 1308.0], [1355.0, 1284.0, 1342.0, 1246.0, 1283.0], [1333.0, 1284.0, 1239.0, 1248.0, 1246.0], [1328.0, 1321.0, 1329.0, 1232.0, 1237.0], [1336.0, 1277.0, 1217.0, 1261.0, 1280.0], [1379.0, 1245.0, 1282.0, 1235.0, 1279.0], [1343.0, 1202.0, 1265.0, 1248.0, 1244.0], [1347.0, 1210.0, 1259.0, 1273.0, 1263.0], [1387.0, 1346.0, 1233.0, 1241.0, 1244.0], [1330.0, 1283.0, 1248.0, 1224.0, 1249.0], [1287.0, 1273.0, 1266.0, 1268.0, 1255.0], [1326.0, 1268.0, 1297.0, 1298.0, 1293.0], [1287.0, 1283.0, 1345.0, 1246.0, 1262.0], [1294.0, 1264.0, 1277.0, 1335.0, 1263.0], [1327.0, 1257.0, 1295.0, 1233.0, 1187.0], [1347.0, 1273.0, 1243.0, 1222.0, 1243.0], [1363.0, 1283.0, 1249.0, 1266.0, 1325.0], [1341.0, 1294.0, 1247.0, 1238.0, 1236.0], [1386.0, 1284.0, 1276.0, 1255.0, 1255.0], [1380.0, 1293.0, 1253.0, 1290.0, 1257.0], [1333.0, 1259.0, 1318.0, 1272.0, 1269.0], [1339.0, 1258.0, 1287.0, 1253.0, 1326.0], [1396.0, 1290.0, 1321.0, 1236.0, 1212.0], [1337.0, 1285.0, 1283.0, 1287.0, 1191.0], [1368.0, 1257.0, 1221.0, 1249.0, 1201.0], [1393.0, 1330.0, 1277.0, 1138.0, 1245.0], [1339.0, 1307.0, 1285.0, 1293.0, 1295.0], [1316.0, 1297.0, 1263.0, 1251.0, 1243.0], [1327.0, 1321.0, 1244.0, 1225.0, 1232.0], [1285.0, 1267.0, 1250.0, 1269.0, 1295.0], [1361.0, 1242.0, 1243.0, 1241.0, 1244.0], [1248.0, 1292.0, 1248.0, 1246.0, 1211.0], [1316.0, 1258.0, 1227.0, 1218.0, 1270.0], [1330.0, 1311.0, 1243.0, 1293.0, 1239.0], [1368.0, 1314.0, 1312.0, 1251.0, 1239.0], [1312.0, 1331.0, 1269.0, 1256.0, 1254.0], [1326.0, 1239.0, 1254.0, 1225.0, 1219.0], [1341.0, 1262.0, 1275.0, 1267.0, 1194.0], [1344.0, 1324.0, 1277.0, 1279.0, 1256.0], [1357.0, 1303.0, 1284.0, 1244.0, 1273.0], [1270.0, 1216.0, 1265.0, 1218.0, 1221.0], [1343.0, 1300.0, 1230.0, 1273.0, 1291.0], [1287.0, 1210.0, 1318.0, 1255.0, 1200.0], [1359.0, 1221.0, 1225.0, 1218.0, 1246.0], [1347.0, 1284.0, 1308.0, 1248.0, 1280.0], [1326.0, 1324.0, 1291.0, 1249.0, 1220.0], [1330.0, 1247.0, 1286.0, 1256.0, 1279.0], [1339.0, 1318.0, 1210.0, 1248.0, 1267.0], [1284.0, 1232.0, 1285.0, 1262.0, 1291.0], [1274.0, 1319.0, 1274.0, 1216.0, 1213.0], [1341.0, 1249.0, 1249.0, 1256.0, 1286.0], [1359.0, 1266.0, 1258.0, 1278.0, 1230.0], [1329.0, 1238.0, 1266.0, 1216.0, 1191.0], [1378.0, 1264.0, 1275.0, 1303.0, 1167.0], [1353.0, 1255.0, 1297.0, 1218.0, 1242.0], [1304.0, 1315.0, 1260.0, 1269.0, 1261.0], [1308.0, 1304.0, 1283.0, 1290.0, 1199.0], [1252.0, 1348.0, 1266.0, 1231.0, 1228.0], [1321.0, 1291.0, 1284.0, 1314.0, 1209.0], [1307.0, 1291.0, 1277.0, 1228.0, 1204.0], [1353.0, 1231.0, 1259.0, 1254.0, 1253.0], [1278.0, 1233.0, 1276.0, 1323.0, 1268.0], [1270.0, 1240.0, 1269.0, 1228.0, 1290.0], [1346.0, 1252.0, 1257.0, 1263.0, 1277.0], [1332.0, 1302.0, 1270.0, 1235.0, 1311.0], [1327.0, 1241.0, 1288.0, 1237.0, 1213.0], [1366.0, 1238.0, 1260.0, 1238.0, 1239.0], [1368.0, 1313.0, 1272.0, 1243.0, 1267.0], [1324.0, 1354.0, 1284.0, 1262.0, 1266.0], [1307.0, 1255.0, 1325.0, 1253.0, 1287.0], [1409.0, 1226.0, 1269.0, 1295.0, 1244.0], [1350.0, 1197.0, 1254.0, 1293.0, 1231.0], [1290.0, 1249.0, 1299.0, 1210.0, 1304.0], [1312.0, 1281.0, 1219.0, 1302.0, 1216.0], [1327.0, 1377.0, 1250.0, 1223.0, 1292.0], [1366.0, 1263.0, 1255.0, 1240.0, 1328.0], [1360.0, 1216.0, 1222.0, 1285.0, 1225.0], [1328.0, 1259.0, 1303.0, 1211.0, 1280.0], [1343.0, 1257.0, 1237.0, 1332.0, 1230.0], [1370.0, 1312.0, 1298.0, 1245.0, 1283.0], [1368.0, 1271.0, 1237.0, 1249.0, 1251.0], [1364.0, 1269.0, 1331.0, 1202.0, 1267.0], [1340.0, 1262.0, 1237.0, 1267.0, 1249.0], [1288.0, 1321.0, 1241.0, 1217.0, 1209.0], [1363.0, 1299.0, 1347.0, 1239.0, 1230.0], [1258.0, 1296.0, 1249.0, 1228.0, 1252.0], [1357.0, 1282.0, 1257.0, 1228.0, 1293.0], [1369.0, 1294.0, 1266.0, 1257.0, 1254.0], [1334.0, 1292.0, 1286.0, 1278.0, 1139.0], [1308.0, 1252.0, 1304.0, 1255.0, 1285.0]], "ideal_count": 10000}