{"success_extrapolations": [7106.481480597177, 3301.4897848859987, 5619.9061526680725, 1547.8019675998241, 4173.193227285942, 4259.3238331903785, 2998.620045485286, 7880.121327381926, 3022.8996365795165, 5550.024679742679, 9097.532969701024, 7712.439684279407, 6237.763415483742, 3009.8823296290398, 5848.855290064821, 6321.768637777492, 6457.52066989667, 3071.7788468211575], "fail_extrapolations": [-6565.568161536612, -15345.477271868514, 12041.45251879364, -3721.9029074943633, -19774.720777996652, 10298.939409152097, -5274.48085312574, -21445.38713108741, 28080.110278139087, 20562.568916732238, 15402.018456985626, 16141.323540332156, 18697.122556093233, -483.279302125971, -15457.181129994806, -9137.037249085757, -20113.645122003265, 12679.512652146146, -4792.3794484528435, -6309.649528883553, -15771.162352465553, -3118.785452754867, -513.7631896523044, -40982.27231589691, -28397.426085809104, 57379.8815617745, 31583.517142056065, -10696.972565590846, 366.18957416058595, -17739.13781064808, -2621.5381944234646, -11211.529301027975, -41375.85811464003, 23626.562008228626, -8630.47048624233, 11630.183450476949, 23258.419414799475, -20379.981669752822, -3852.769481852136, 18045.605668023265, -1425.7911835355985, -7701.219866177299, 17911.20975814831, 17412.329895667135, -19870.043180921122, -6427.778589417498, -24326.377737951745, -3847.6592576078297, -18302.818839877866, 17668.42153373354, -35828.71167624805, -2658.4251407291786, -1865.43876832778, -15909.849167351516, 26254.8694353653, 39521.6208448639, -11891.063195426299, 16531.968487508897, -6293.83170402292, -81.58913861994215, 19071.974602443457, 15753.003223312782, -3356.2758097485066, 12648.304060542829, -658.7110293681458, -16522.60915117091, 25569.335435092944, 30302.135250248582, 13040.28171536257, 10526.485455230426, -13559.341194530314, 14900.206539199304, -8748.966507965057, -5567.1334984864525, -11787.749605274113, -4239.335099997725, 29931.24616752715, -12236.048850512158, -3143.972458263673, -30533.567219346765, -2432.1275627602677, 18701.632467669377], "success_counts_without_mit": [1368.0, 1296.0, 1343.0, 1346.0, 1322.0, 1338.0, 1305.0, 1366.0, 1280.0, 1325.0, 1370.0, 1290.0, 1300.0, 1356.0, 1343.0, 1320.0, 1352.0, 1290.0], "fail_counts_without_mit": [1349.0, 1320.0, 1362.0, 1311.0, 1264.0, 1346.0, 1299.0, 1304.0, 1336.0, 1321.0, 1317.0, 1372.0, 1307.0, 1282.0, 1304.0, 1293.0, 1292.0, 1293.0, 1344.0, 1287.0, 1313.0, 1307.0, 1318.0, 1371.0, 1367.0, 1331.0, 1366.0, 1283.0, 1395.0, 1350.0, 1343.0, 1324.0, 1289.0, 1287.0, 1310.0, 1338.0, 1313.0, 1364.0, 1340.0, 1378.0, 1320.0, 1292.0, 1359.0, 1331.0, 1309.0, 1330.0, 1304.0, 1377.0, 1347.0, 1396.0, 1317.0, 1326.0, 1313.0, 1360.0, 1279.0, 1364.0, 1320.0, 1354.0, 1336.0, 1324.0, 1330.0, 1292.0, 1374.0, 1370.0, 1297.0, 1372.0, 1355.0, 1347.0, 1327.0, 1347.0, 1326.0, 1353.0, 1296.0, 1311.0, 1252.0, 1324.0, 1337.0, 1230.0, 1334.0, 1324.0, 1327.0, 1381.0], "n_sample_where_extrapolation_is_better_than_nomit": 18, "expectation_values": [[1349.0, 1264.0, 1238.0, 1307.0, 1274.0], [1368.0, 1323.0, 1302.0, 1266.0, 1302.0], [1320.0, 1298.0, 1243.0, 1292.0, 1250.0], [1362.0, 1268.0, 1245.0, 1203.0, 1242.0], [1311.0, 1352.0, 1311.0, 1262.0, 1252.0], [1296.0, 1279.0, 1276.0, 1267.0, 1256.0], [1264.0, 1305.0, 1221.0, 1225.0, 1216.0], [1346.0, 1294.0, 1273.0, 1218.0, 1248.0], [1299.0, 1338.0, 1294.0, 1247.0, 1194.0], [1304.0, 1289.0, 1222.0, 1296.0, 1278.0], [1343.0, 1325.0, 1281.0, 1211.0, 1282.0], [1346.0, 1286.0, 1248.0, 1237.0, 1274.0], [1322.0, 1318.0, 1275.0, 1202.0, 1233.0], [1336.0, 1223.0, 1283.0, 1250.0, 1250.0], [1321.0, 1280.0, 1312.0, 1251.0, 1279.0], [1317.0, 1281.0, 1296.0, 1246.0, 1285.0], [1372.0, 1291.0, 1299.0, 1256.0, 1244.0], [1307.0, 1278.0, 1305.0, 1239.0, 1242.0], [1338.0, 1270.0, 1240.0, 1228.0, 1279.0], [1282.0, 1260.0, 1246.0, 1247.0, 1204.0], [1305.0, 1310.0, 1275.0, 1219.0, 1275.0], [1366.0, 1274.0, 1272.0, 1277.0, 1242.0], [1304.0, 1347.0, 1280.0, 1267.0, 1191.0], [1293.0, 1314.0, 1249.0, 1227.0, 1287.0], [1292.0, 1264.0, 1196.0, 1267.0, 1246.0], [1293.0, 1229.0, 1279.0, 1310.0, 1317.0], [1344.0, 1299.0, 1252.0, 1259.0, 1263.0], [1287.0, 1320.0, 1252.0, 1202.0, 1289.0], [1313.0, 1272.0, 1218.0, 1287.0, 1271.0], [1307.0, 1244.0, 1246.0, 1310.0, 1238.0], [1318.0, 1241.0, 1236.0, 1291.0, 1292.0], [1371.0, 1290.0, 1136.0, 1272.0, 1276.0], [1367.0, 1324.0, 1210.0, 1285.0, 1261.0], [1331.0, 1233.0, 1369.0, 1227.0, 1235.0], [1366.0, 1240.0, 1294.0, 1238.0, 1249.0], [1283.0, 1291.0, 1242.0, 1248.0, 1211.0], [1280.0, 1322.0, 1311.0, 1254.0, 1234.0], [1395.0, 1314.0, 1268.0, 1256.0, 1207.0], [1350.0, 1299.0, 1201.0, 1230.0, 1219.0], [1343.0, 1290.0, 1252.0, 1262.0, 1271.0], [1324.0, 1307.0, 1248.0, 1261.0, 1232.0], [1289.0, 1365.0, 1246.0, 1323.0, 1254.0], [1287.0, 1227.0, 1269.0, 1213.0, 1247.0], [1310.0, 1335.0, 1290.0, 1280.0, 1269.0], [1338.0, 1302.0, 1291.0, 1231.0, 1266.0], [1313.0, 1248.0, 1317.0, 1289.0, 1211.0], [1325.0, 1282.0, 1299.0, 1314.0, 1269.0], [1364.0, 1328.0, 1247.0, 1298.0, 1209.0], [1340.0, 1306.0, 1273.0, 1285.0, 1283.0], [1378.0, 1311.0, 1316.0, 1251.0, 1271.0], [1370.0, 1271.0, 1264.0, 1261.0, 1248.0], [1290.0, 1263.0, 1269.0, 1254.0, 1288.0], [1320.0, 1307.0, 1279.0, 1262.0, 1221.0], [1292.0, 1309.0, 1270.0, 1268.0, 1266.0], [1359.0, 1270.0, 1279.0, 1232.0, 1235.0], [1331.0, 1297.0, 1298.0, 1203.0, 1168.0], [1309.0, 1310.0, 1234.0, 1274.0, 1254.0], [1330.0, 1280.0, 1257.0, 1306.0, 1267.0], [1304.0, 1338.0, 1254.0, 1296.0, 1296.0], [1377.0, 1269.0, 1226.0, 1273.0, 1283.0], [1347.0, 1402.0, 1292.0, 1247.0, 1280.0], [1300.0, 1269.0, 1275.0, 1260.0, 1200.0], [1396.0, 1286.0, 1302.0, 1277.0, 1258.0], [1317.0, 1301.0, 1190.0, 1311.0, 1338.0], [1356.0, 1303.0, 1278.0, 1257.0, 1197.0], [1326.0, 1257.0, 1229.0, 1265.0, 1287.0], [1313.0, 1318.0, 1304.0, 1300.0, 1273.0], [1343.0, 1314.0, 1289.0, 1236.0, 1200.0], [1360.0, 1303.0, 1263.0, 1344.0, 1191.0], [1279.0, 1208.0, 1267.0, 1225.0, 1273.0], [1364.0, 1202.0, 1278.0, 1224.0, 1267.0], [1320.0, 1280.0, 1242.0, 1303.0, 1270.0], [1354.0, 1291.0, 1308.0, 1269.0, 1299.0], [1320.0, 1270.0, 1282.0, 1290.0, 1252.0], [1336.0, 1265.0, 1225.0, 1270.0, 1283.0], [1324.0, 1310.0, 1261.0, 1215.0, 1239.0], [1330.0, 1251.0, 1301.0, 1287.0, 1223.0], [1292.0, 1290.0, 1324.0, 1264.0, 1215.0], [1374.0, 1281.0, 1220.0, 1224.0, 1198.0], [1370.0, 1289.0, 1286.0, 1252.0, 1238.0], [1297.0, 1269.0, 1242.0, 1241.0, 1277.0], [1372.0, 1384.0, 1285.0, 1261.0, 1227.0], [1355.0, 1249.0, 1283.0, 1221.0, 1176.0], [1347.0, 1247.0, 1296.0, 1225.0, 1233.0], [1327.0, 1246.0, 1256.0, 1233.0, 1190.0], [1347.0, 1271.0, 1236.0, 1181.0, 1253.0], [1326.0, 1324.0, 1226.0, 1207.0, 1288.0], [1353.0, 1350.0, 1336.0, 1231.0, 1288.0], [1296.0, 1332.0, 1281.0, 1260.0, 1275.0], [1352.0, 1279.0, 1258.0, 1243.0, 1270.0], [1311.0, 1288.0, 1234.0, 1225.0, 1247.0], [1252.0, 1299.0, 1277.0, 1305.0, 1281.0], [1324.0, 1333.0, 1261.0, 1205.0, 1282.0], [1337.0, 1273.0, 1316.0, 1226.0, 1304.0], [1290.0, 1241.0, 1239.0, 1262.0, 1314.0], [1230.0, 1338.0, 1292.0, 1256.0, 1269.0], [1334.0, 1299.0, 1258.0, 1252.0, 1232.0], [1324.0, 1324.0, 1218.0, 1286.0, 1222.0], [1327.0, 1262.0, 1243.0, 1286.0, 1298.0], [1381.0, 1315.0, 1312.0, 1233.0, 1270.0]], "ideal_count": 10000}