{"success_extrapolations": [7374.766442596505, 5394.359837536038, 1482.444688514761, 4743.992120178715, 5655.793123742896, 2851.9869751054307, 8846.652418070305, 4350.871784510712, 4826.5305676321705, 6844.232889131034, 4950.858731446616, 5662.859014585228, 5652.490959208577, 8001.4735735816275], "fail_extrapolations": [-7233.582757053411, -10145.43937879557, 20055.556882583143, -356.92536874736015, -23713.52155281473, -2151.84328845493, -26196.666925184818, 20029.203680122246, 21285.112035743114, 25455.579792582525, -23937.072910060568, 22853.333340931844, -8571.791644422488, -32212.59952539646, -1561.9677051175584, -9275.386752279815, -9704.664054945752, -12803.588518426473, -9751.117752927441, 12799.26667935369, 12238.165794822682, 18279.134648037485, -21916.969742934343, -16820.85570626734, 14682.273678186779, -18415.697732009237, 15908.697117653997, -2961.0644071498114, 34645.54412285129, 10594.611174917867, 25090.96651961437, -4542.560653733835, -26349.426910460446, -8428.050361398906, -1276.002869758518, -10018.853008433734, -31498.378218264577, 19711.595123875657, -9882.125062097593, -8580.317368092132, 27758.26820528712, -7018.278871828886, 28147.39718423183, 1132.4057551597477, 1162.7874381338243, -2471.9379453765623, -19701.466160955748, 19152.75625297573, 1061.6552009017169, -1601.1427260130376, 14589.983892620903, 34900.08965995938, -9734.76691513962, 32620.705725955646, -19445.289591292134, 18688.004897866656, 36278.963597883085, 16146.74202461842, -34814.86496000879, -8309.175627477189, 33622.65596822678, -14732.66252511871, 12640.0566210607, 21849.119053519757, 19062.287487419308, -7090.703667742699, -19713.04203622331, -8064.472806235993, -20689.15145475576, 25183.04676994303, -5136.929643031395, -11172.393062935227, -3117.3577924235415, 15855.18343833457, 20504.050357023647, -6056.540861662501, 18697.74721097269, -4926.405080574307, -9026.833870062943, -5104.173774690415, -29751.20812778342, -11503.895150055227, 10235.556811195518, 26817.728811283545, -4542.468069603392, 17421.667876598443], "success_counts_without_mit": [1414.0, 1438.0, 1354.0, 1386.0, 1368.0, 1357.0, 1382.0, 1460.0, 1373.0, 1414.0, 1434.0, 1373.0, 1326.0, 1433.0], "fail_counts_without_mit": [1389.0, 1418.0, 1387.0, 1397.0, 1330.0, 1380.0, 1456.0, 1377.0, 1341.0, 1324.0, 1390.0, 1331.0, 1367.0, 1352.0, 1416.0, 1347.0, 1415.0, 1315.0, 1410.0, 1375.0, 1401.0, 1402.0, 1360.0, 1393.0, 1410.0, 1354.0, 1322.0, 1408.0, 1423.0, 1410.0, 1455.0, 1344.0, 1317.0, 1392.0, 1397.0, 1387.0, 1351.0, 1411.0, 1442.0, 1378.0, 1462.0, 1360.0, 1386.0, 1387.0, 1423.0, 1369.0, 1339.0, 1380.0, 1443.0, 1338.0, 1448.0, 1402.0, 1401.0, 1395.0, 1415.0, 1433.0, 1431.0, 1333.0, 1366.0, 1384.0, 1371.0, 1410.0, 1402.0, 1445.0, 1394.0, 1378.0, 1347.0, 1381.0, 1368.0, 1402.0, 1295.0, 1344.0, 1391.0, 1391.0, 1416.0, 1410.0, 1437.0, 1398.0, 1375.0, 1330.0, 1385.0, 1355.0, 1352.0, 1442.0, 1373.0, 1361.0], "n_sample_where_extrapolation_is_better_than_nomit": 14, "expectation_values": [[1389.0, 1338.0, 1285.0, 1304.0, 1301.0], [1418.0, 1285.0, 1223.0, 1298.0, 1264.0], [1387.0, 1285.0, 1274.0, 1201.0, 1265.0], [1397.0, 1326.0, 1285.0, 1274.0, 1191.0], [1330.0, 1357.0, 1280.0, 1325.0, 1274.0], [1380.0, 1319.0, 1254.0, 1231.0, 1258.0], [1456.0, 1404.0, 1273.0, 1301.0, 1174.0], [1377.0, 1309.0, 1346.0, 1308.0, 1298.0], [1341.0, 1270.0, 1335.0, 1325.0, 1288.0], [1324.0, 1266.0, 1323.0, 1273.0, 1300.0], [1390.0, 1284.0, 1185.0, 1292.0, 1285.0], [1331.0, 1257.0, 1311.0, 1279.0, 1260.0], [1367.0, 1342.0, 1278.0, 1271.0, 1243.0], [1414.0, 1344.0, 1289.0, 1222.0, 1272.0], [1352.0, 1338.0, 1221.0, 1296.0, 1242.0], [1416.0, 1339.0, 1275.0, 1258.0, 1273.0], [1347.0, 1344.0, 1290.0, 1284.0, 1229.0], [1415.0, 1270.0, 1223.0, 1321.0, 1270.0], [1315.0, 1335.0, 1288.0, 1306.0, 1282.0], [1410.0, 1389.0, 1289.0, 1243.0, 1251.0], [1438.0, 1317.0, 1270.0, 1258.0, 1289.0], [1375.0, 1263.0, 1261.0, 1253.0, 1282.0], [1401.0, 1301.0, 1287.0, 1258.0, 1281.0], [1402.0, 1292.0, 1299.0, 1260.0, 1261.0], [1360.0, 1395.0, 1294.0, 1292.0, 1269.0], [1393.0, 1346.0, 1270.0, 1313.0, 1245.0], [1410.0, 1354.0, 1343.0, 1267.0, 1246.0], [1354.0, 1289.0, 1211.0, 1283.0, 1283.0], [1322.0, 1275.0, 1299.0, 1264.0, 1296.0], [1408.0, 1307.0, 1281.0, 1329.0, 1251.0], [1423.0, 1305.0, 1333.0, 1225.0, 1311.0], [1410.0, 1268.0, 1244.0, 1239.0, 1259.0], [1455.0, 1297.0, 1309.0, 1265.0, 1303.0], [1354.0, 1344.0, 1311.0, 1271.0, 1274.0], [1344.0, 1348.0, 1290.0, 1252.0, 1279.0], [1317.0, 1364.0, 1272.0, 1299.0, 1227.0], [1392.0, 1364.0, 1269.0, 1228.0, 1258.0], [1386.0, 1298.0, 1299.0, 1323.0, 1253.0], [1397.0, 1351.0, 1323.0, 1323.0, 1257.0], [1387.0, 1318.0, 1261.0, 1298.0, 1241.0], [1351.0, 1327.0, 1199.0, 1261.0, 1214.0], [1411.0, 1302.0, 1305.0, 1252.0, 1269.0], [1442.0, 1358.0, 1264.0, 1270.0, 1296.0], [1378.0, 1370.0, 1265.0, 1205.0, 1283.0], [1368.0, 1352.0, 1324.0, 1259.0, 1215.0], [1462.0, 1323.0, 1332.0, 1250.0, 1266.0], [1360.0, 1329.0, 1267.0, 1261.0, 1272.0], [1357.0, 1307.0, 1305.0, 1312.0, 1229.0], [1386.0, 1306.0, 1352.0, 1275.0, 1250.0], [1382.0, 1294.0, 1312.0, 1327.0, 1230.0], [1387.0, 1293.0, 1261.0, 1275.0, 1253.0], [1423.0, 1345.0, 1306.0, 1296.0, 1244.0], [1369.0, 1269.0, 1252.0, 1317.0, 1303.0], [1339.0, 1366.0, 1279.0, 1280.0, 1215.0], [1380.0, 1259.0, 1272.0, 1247.0, 1284.0], [1443.0, 1315.0, 1279.0, 1308.0, 1272.0], [1338.0, 1305.0, 1284.0, 1289.0, 1235.0], [1448.0, 1301.0, 1272.0, 1234.0, 1244.0], [1402.0, 1273.0, 1331.0, 1258.0, 1259.0], [1401.0, 1330.0, 1264.0, 1288.0, 1232.0], [1395.0, 1260.0, 1302.0, 1239.0, 1330.0], [1460.0, 1334.0, 1294.0, 1289.0, 1223.0], [1415.0, 1351.0, 1250.0, 1295.0, 1280.0], [1433.0, 1252.0, 1293.0, 1335.0, 1273.0], [1431.0, 1242.0, 1285.0, 1230.0, 1305.0], [1333.0, 1264.0, 1261.0, 1205.0, 1267.0], [1366.0, 1336.0, 1218.0, 1313.0, 1207.0], [1373.0, 1298.0, 1257.0, 1230.0, 1278.0], [1384.0, 1289.0, 1272.0, 1354.0, 1188.0], [1371.0, 1238.0, 1322.0, 1297.0, 1302.0], [1410.0, 1355.0, 1241.0, 1238.0, 1288.0], [1414.0, 1329.0, 1306.0, 1289.0, 1283.0], [1402.0, 1271.0, 1282.0, 1285.0, 1166.0], [1445.0, 1251.0, 1283.0, 1295.0, 1207.0], [1394.0, 1285.0, 1295.0, 1253.0, 1247.0], [1378.0, 1318.0, 1238.0, 1240.0, 1352.0], [1434.0, 1336.0, 1261.0, 1211.0, 1332.0], [1347.0, 1395.0, 1300.0, 1284.0, 1272.0], [1373.0, 1333.0, 1290.0, 1235.0, 1304.0], [1326.0, 1301.0, 1281.0, 1245.0, 1291.0], [1381.0, 1373.0, 1327.0, 1319.0, 1206.0], [1368.0, 1321.0, 1255.0, 1333.0, 1222.0], [1402.0, 1232.0, 1269.0, 1264.0, 1285.0], [1433.0, 1245.0, 1252.0, 1321.0, 1220.0], [1295.0, 1265.0, 1276.0, 1344.0, 1260.0], [1344.0, 1368.0, 1297.0, 1267.0, 1237.0], [1391.0, 1327.0, 1282.0, 1283.0, 1219.0], [1391.0, 1275.0, 1285.0, 1274.0, 1297.0], [1416.0, 1283.0, 1288.0, 1245.0, 1244.0], [1410.0, 1392.0, 1337.0, 1315.0, 1246.0], [1437.0, 1316.0, 1315.0, 1270.0, 1277.0], [1398.0, 1311.0, 1248.0, 1254.0, 1209.0], [1375.0, 1365.0, 1286.0, 1261.0, 1299.0], [1330.0, 1308.0, 1272.0, 1275.0, 1230.0], [1385.0, 1409.0, 1260.0, 1258.0, 1267.0], [1355.0, 1343.0, 1264.0, 1253.0, 1258.0], [1352.0, 1304.0, 1267.0, 1196.0, 1286.0], [1442.0, 1290.0, 1291.0, 1214.0, 1240.0], [1373.0, 1323.0, 1270.0, 1266.0, 1239.0], [1361.0, 1262.0, 1289.0, 1276.0, 1273.0]], "ideal_count": 10000}