{"success_extrapolations": [3177.3053868822303, 3983.4439692536853, 1895.6468980695852, 6681.489785854726, 3201.349573128734, 1369.9420540569752, 5350.184115348345, 2518.760631687146, 1384.3747448470635, 6472.873660125063, 8187.450033676754, 7597.316627948627, 2580.710327106042, 6591.539810697657, 1959.3565777923739, 7244.566210645963, 9517.304507836016, 4635.055099007192, 4214.1096259099495, 7895.10988767882, 7362.63663171813, 2789.351473999368, 4134.852223614604, 4691.563040264362, 7695.364590680361], "fail_extrapolations": [10925.107922214323, 19073.98262941841, 10045.196995028431, 13175.850264460207, -11560.679451800577, -778.6211693014274, 27487.09758592156, -18871.64901359324, 12419.7848728762, -3634.257237169117, 26968.49435347058, -5384.038962491959, 1083.9160771174973, -7328.820757264215, -5761.5098241539245, 855.739575931834, -7161.7324464497315, -18394.342199355753, 13499.744902638206, -11318.754848936425, 20446.212928529916, -10586.699985957712, 18539.63950195796, 16832.08274321025, 40545.549668105894, 22343.53737850719, -13789.66933357544, 15200.344407652261, -756.2689007624209, 18947.91247108831, -13030.147822030225, -3719.6871388187387, 23248.36303364964, -7364.230465203743, -3969.010565513917, -13352.515719566656, -11882.572276525016, -16903.33159790089, 36106.270159090556, 54.83842263933225, -19477.551168800623, 13414.370020832994, 15984.562929528629, 11031.192653234848, -4987.66563479901, -34028.89056396342, -1445.0006269842575, 35154.246898928366, 11740.89815434364, 17681.874173945846, 23538.160935795928, -11866.673718594187, -2462.2017365202446, -5167.031963657851, -6307.242217185791, -3003.6853093415857, 23077.601000836872, 13753.833220735574, 16330.362093902408, 11675.792015465637, -6364.276933563525, -22589.10967737878, 26404.141631812032, -9097.23889430456, 23390.27989122061, -3314.2424090230397, 13567.574137572748, 32260.98850200312, -19351.79165024563, -3765.1894775105006, -1112.25626536622, -4259.608916117902, 13364.089195194236, 14942.434652847258, -11921.759043573851], "success_counts_without_mit": [1327.0, 1330.0, 1291.0, 1278.0, 1258.0, 1289.0, 1263.0, 1339.0, 1331.0, 1324.0, 1314.0, 1327.0, 1337.0, 1347.0, 1315.0, 1310.0, 1280.0, 1289.0, 1267.0, 1323.0, 1276.0, 1359.0, 1360.0, 1308.0, 1273.0], "fail_counts_without_mit": [1327.0, 1376.0, 1288.0, 1310.0, 1295.0, 1290.0, 1324.0, 1228.0, 1326.0, 1332.0, 1373.0, 1360.0, 1286.0, 1291.0, 1340.0, 1307.0, 1370.0, 1285.0, 1272.0, 1277.0, 1343.0, 1312.0, 1334.0, 1305.0, 1321.0, 1355.0, 1268.0, 1351.0, 1320.0, 1301.0, 1291.0, 1374.0, 1326.0, 1261.0, 1309.0, 1308.0, 1289.0, 1336.0, 1386.0, 1360.0, 1341.0, 1299.0, 1286.0, 1349.0, 1349.0, 1321.0, 1350.0, 1321.0, 1286.0, 1278.0, 1264.0, 1279.0, 1305.0, 1305.0, 1317.0, 1330.0, 1376.0, 1328.0, 1296.0, 1315.0, 1335.0, 1356.0, 1256.0, 1284.0, 1293.0, 1317.0, 1328.0, 1357.0, 1321.0, 1286.0, 1343.0, 1261.0, 1329.0, 1323.0, 1323.0], "n_sample_where_extrapolation_is_better_than_nomit": 25, "expectation_values": [[1327.0, 1254.0, 1249.0, 1222.0, 1230.0], [1376.0, 1282.0, 1289.0, 1240.0, 1284.0], [1327.0, 1327.0, 1308.0, 1256.0, 1165.0], [1288.0, 1248.0, 1285.0, 1294.0, 1249.0], [1310.0, 1271.0, 1298.0, 1267.0, 1196.0], [1295.0, 1283.0, 1234.0, 1255.0, 1190.0], [1290.0, 1278.0, 1241.0, 1213.0, 1222.0], [1330.0, 1244.0, 1251.0, 1292.0, 1258.0], [1324.0, 1227.0, 1298.0, 1272.0, 1256.0], [1228.0, 1336.0, 1259.0, 1223.0, 1210.0], [1326.0, 1238.0, 1245.0, 1237.0, 1269.0], [1291.0, 1287.0, 1253.0, 1205.0, 1212.0], [1278.0, 1305.0, 1292.0, 1220.0, 1229.0], [1258.0, 1275.0, 1288.0, 1278.0, 1252.0], [1332.0, 1275.0, 1246.0, 1281.0, 1311.0], [1373.0, 1254.0, 1266.0, 1192.0, 1292.0], [1360.0, 1290.0, 1234.0, 1251.0, 1272.0], [1286.0, 1242.0, 1244.0, 1285.0, 1349.0], [1291.0, 1252.0, 1214.0, 1248.0, 1258.0], [1340.0, 1311.0, 1244.0, 1219.0, 1217.0], [1289.0, 1249.0, 1228.0, 1222.0, 1210.0], [1307.0, 1325.0, 1304.0, 1266.0, 1262.0], [1370.0, 1295.0, 1244.0, 1275.0, 1233.0], [1285.0, 1280.0, 1222.0, 1280.0, 1258.0], [1272.0, 1153.0, 1228.0, 1316.0, 1274.0], [1277.0, 1280.0, 1245.0, 1277.0, 1233.0], [1343.0, 1274.0, 1282.0, 1210.0, 1264.0], [1312.0, 1277.0, 1249.0, 1309.0, 1258.0], [1334.0, 1258.0, 1276.0, 1231.0, 1251.0], [1305.0, 1216.0, 1271.0, 1291.0, 1264.0], [1263.0, 1227.0, 1246.0, 1265.0, 1254.0], [1321.0, 1202.0, 1305.0, 1249.0, 1258.0], [1355.0, 1305.0, 1298.0, 1187.0, 1293.0], [1268.0, 1297.0, 1281.0, 1338.0, 1278.0], [1351.0, 1246.0, 1247.0, 1220.0, 1237.0], [1320.0, 1295.0, 1276.0, 1270.0, 1197.0], [1301.0, 1272.0, 1309.0, 1262.0, 1315.0], [1291.0, 1313.0, 1244.0, 1236.0, 1244.0], [1374.0, 1332.0, 1269.0, 1243.0, 1236.0], [1326.0, 1264.0, 1297.0, 1228.0, 1228.0], [1339.0, 1272.0, 1250.0, 1253.0, 1248.0], [1261.0, 1287.0, 1275.0, 1296.0, 1249.0], [1309.0, 1288.0, 1228.0, 1202.0, 1252.0], [1308.0, 1284.0, 1230.0, 1267.0, 1221.0], [1289.0, 1257.0, 1230.0, 1303.0, 1285.0], [1336.0, 1272.0, 1208.0, 1277.0, 1197.0], [1331.0, 1278.0, 1249.0, 1246.0, 1275.0], [1386.0, 1221.0, 1289.0, 1245.0, 1252.0], [1360.0, 1243.0, 1228.0, 1281.0, 1211.0], [1341.0, 1302.0, 1229.0, 1289.0, 1218.0], [1299.0, 1277.0, 1266.0, 1184.0, 1217.0], [1286.0, 1213.0, 1260.0, 1268.0, 1266.0], [1324.0, 1239.0, 1224.0, 1223.0, 1238.0], [1349.0, 1241.0, 1239.0, 1245.0, 1305.0], [1349.0, 1280.0, 1229.0, 1250.0, 1275.0], [1314.0, 1291.0, 1280.0, 1234.0, 1256.0], [1321.0, 1321.0, 1202.0, 1283.0, 1266.0], [1350.0, 1295.0, 1260.0, 1265.0, 1258.0], [1321.0, 1210.0, 1295.0, 1242.0, 1216.0], [1286.0, 1255.0, 1247.0, 1195.0, 1289.0], [1327.0, 1277.0, 1268.0, 1243.0, 1242.0], [1337.0, 1272.0, 1256.0, 1267.0, 1272.0], [1278.0, 1265.0, 1293.0, 1230.0, 1268.0], [1264.0, 1224.0, 1280.0, 1229.0, 1247.0], [1279.0, 1298.0, 1231.0, 1219.0, 1224.0], [1305.0, 1240.0, 1227.0, 1269.0, 1213.0], [1347.0, 1294.0, 1294.0, 1284.0, 1235.0], [1305.0, 1301.0, 1264.0, 1259.0, 1247.0], [1315.0, 1297.0, 1281.0, 1260.0, 1219.0], [1317.0, 1286.0, 1234.0, 1233.0, 1218.0], [1330.0, 1339.0, 1288.0, 1243.0, 1251.0], [1376.0, 1233.0, 1268.0, 1253.0, 1240.0], [1310.0, 1280.0, 1280.0, 1262.0, 1296.0], [1328.0, 1260.0, 1276.0, 1250.0, 1221.0], [1280.0, 1272.0, 1290.0, 1262.0, 1261.0], [1296.0, 1278.0, 1312.0, 1262.0, 1241.0], [1315.0, 1290.0, 1282.0, 1214.0, 1215.0], [1335.0, 1325.0, 1268.0, 1250.0, 1255.0], [1356.0, 1318.0, 1215.0, 1266.0, 1277.0], [1256.0, 1235.0, 1310.0, 1248.0, 1229.0], [1289.0, 1276.0, 1273.0, 1257.0, 1282.0], [1267.0, 1238.0, 1232.0, 1219.0, 1202.0], [1323.0, 1254.0, 1252.0, 1254.0, 1306.0], [1284.0, 1307.0, 1260.0, 1248.0, 1211.0], [1276.0, 1217.0, 1253.0, 1297.0, 1292.0], [1293.0, 1239.0, 1274.0, 1211.0, 1280.0], [1317.0, 1306.0, 1264.0, 1247.0, 1260.0], [1359.0, 1295.0, 1244.0, 1208.0, 1239.0], [1328.0, 1246.0, 1245.0, 1210.0, 1213.0], [1360.0, 1262.0, 1241.0, 1254.0, 1250.0], [1357.0, 1239.0, 1284.0, 1210.0, 1253.0], [1321.0, 1353.0, 1262.0, 1259.0, 1247.0], [1286.0, 1273.0, 1250.0, 1257.0, 1222.0], [1308.0, 1258.0, 1259.0, 1266.0, 1249.0], [1343.0, 1290.0, 1269.0, 1288.0, 1268.0], [1261.0, 1262.0, 1234.0, 1242.0, 1305.0], [1329.0, 1249.0, 1266.0, 1249.0, 1200.0], [1323.0, 1239.0, 1265.0, 1249.0, 1179.0], [1323.0, 1269.0, 1239.0, 1315.0, 1244.0], [1273.0, 1283.0, 1286.0, 1236.0, 1217.0]], "ideal_count": 10000}