{"success_extrapolations": [4931.974888988136, 6924.977847138095, 1488.2916359288654, 5749.709873984549, 7033.110470469893, 7510.409108147593, 9369.29523077371, 9954.641637405079, 8781.419426462648, 4593.2225203059215, 6453.7503459079135, 3057.7511501623408, 9767.766516415884, 9591.003047507003, 6422.224663035341, 4834.527705641308], "fail_extrapolations": [-15238.786012229124, -988.0083309963983, 13878.850847251311, 24190.820217689827, 27707.589768992777, 15051.807587641424, 16078.722059654992, -9380.83109306227, 1042.209907739536, 21509.70493287928, -30265.261298724123, -8893.4566706948, 27529.87762212076, 25801.067234649377, 23383.434002059224, 195.04932306441003, -3281.6829514642973, -18733.721869758432, 17039.183234843003, -9813.346769900443, -1505.2053692522654, 15149.214051863559, -410.03022208664555, -3704.0424990638444, -19823.183579657336, -18737.062556782683, -2918.619713778698, 30074.632737204807, -6628.445315982908, -15501.320450567137, 47573.191511916884, 15720.605259585145, 18397.371522975685, -1149.783396960907, -6672.790517209508, -3149.8352012569567, 12420.16574577035, -28587.879401089263, 1087.5257518372894, 22687.990613652953, -16805.826993124614, 23695.88515566863, -11601.07323740247, 19398.148389278307, -14604.817915669217, 12722.133476143894, -7029.834946768847, -6690.8847307255655, -13101.270620475249, -17788.498769573496, 37147.27247228368, 12460.895191822186, 20012.62526145789, 19063.811383066353, 30589.266999879183, -9627.116595115556, 760.8899491371159, -7164.226386636538, 15404.428760342385, 38501.23584629391, -10527.27129263038, 44216.293190987206, 30946.898373367145, -13741.631458957248, -152.27302595167458, -21966.44200766437, -3612.1193925148687, -8410.284112576483, -334.046518381533, 15424.997893203192, -11621.542788756393, 13701.712690318549, 17491.185102200896, -20099.410383480597, -8749.491325877982, -3435.4682230718527, 383.8931175778219, -756.6048482377296, -8335.064877751653, -8270.53866113993, 265.18413914739347, 796.5040457842492, -5437.933018363388, -8893.743527735489], "success_counts_without_mit": [1314.0, 1287.0, 1323.0, 1320.0, 1224.0, 1321.0, 1274.0, 1291.0, 1288.0, 1305.0, 1333.0, 1296.0, 1309.0, 1266.0, 1335.0, 1294.0], "fail_counts_without_mit": [1313.0, 1358.0, 1319.0, 1256.0, 1287.0, 1326.0, 1342.0, 1303.0, 1278.0, 1317.0, 1247.0, 1236.0, 1295.0, 1320.0, 1325.0, 1307.0, 1323.0, 1264.0, 1355.0, 1240.0, 1292.0, 1373.0, 1339.0, 1289.0, 1231.0, 1274.0, 1326.0, 1244.0, 1260.0, 1300.0, 1322.0, 1306.0, 1337.0, 1306.0, 1284.0, 1282.0, 1338.0, 1299.0, 1275.0, 1297.0, 1314.0, 1229.0, 1245.0, 1328.0, 1306.0, 1304.0, 1306.0, 1264.0, 1317.0, 1301.0, 1318.0, 1322.0, 1315.0, 1342.0, 1333.0, 1332.0, 1287.0, 1299.0, 1284.0, 1341.0, 1266.0, 1347.0, 1362.0, 1279.0, 1299.0, 1293.0, 1286.0, 1288.0, 1285.0, 1338.0, 1292.0, 1335.0, 1291.0, 1314.0, 1305.0, 1309.0, 1266.0, 1272.0, 1306.0, 1266.0, 1329.0, 1366.0, 1293.0, 1348.0], "n_sample_where_extrapolation_is_better_than_nomit": 16, "expectation_values": [[1313.0, 1297.0, 1234.0, 1271.0, 1256.0], [1358.0, 1293.0, 1256.0, 1261.0, 1251.0], [1319.0, 1232.0, 1257.0, 1265.0, 1311.0], [1256.0, 1238.0, 1295.0, 1224.0, 1222.0], [1287.0, 1223.0, 1275.0, 1207.0, 1243.0], [1314.0, 1314.0, 1293.0, 1232.0, 1186.0], [1326.0, 1300.0, 1334.0, 1290.0, 1209.0], [1342.0, 1229.0, 1256.0, 1259.0, 1240.0], [1303.0, 1247.0, 1208.0, 1264.0, 1260.0], [1278.0, 1269.0, 1260.0, 1251.0, 1223.0], [1317.0, 1258.0, 1302.0, 1258.0, 1254.0], [1247.0, 1298.0, 1226.0, 1302.0, 1206.0], [1287.0, 1259.0, 1271.0, 1264.0, 1251.0], [1236.0, 1296.0, 1274.0, 1281.0, 1313.0], [1295.0, 1304.0, 1357.0, 1242.0, 1254.0], [1320.0, 1264.0, 1329.0, 1281.0, 1269.0], [1323.0, 1280.0, 1269.0, 1276.0, 1248.0], [1320.0, 1260.0, 1266.0, 1273.0, 1213.0], [1325.0, 1263.0, 1322.0, 1285.0, 1262.0], [1307.0, 1290.0, 1266.0, 1255.0, 1282.0], [1323.0, 1262.0, 1251.0, 1303.0, 1275.0], [1264.0, 1283.0, 1226.0, 1271.0, 1239.0], [1355.0, 1243.0, 1270.0, 1261.0, 1208.0], [1240.0, 1343.0, 1316.0, 1281.0, 1210.0], [1224.0, 1236.0, 1272.0, 1264.0, 1195.0], [1292.0, 1263.0, 1250.0, 1267.0, 1245.0], [1373.0, 1251.0, 1268.0, 1274.0, 1287.0], [1339.0, 1324.0, 1279.0, 1247.0, 1310.0], [1289.0, 1281.0, 1254.0, 1256.0, 1251.0], [1231.0, 1291.0, 1260.0, 1321.0, 1278.0], [1274.0, 1344.0, 1267.0, 1253.0, 1229.0], [1326.0, 1277.0, 1258.0, 1289.0, 1263.0], [1244.0, 1223.0, 1336.0, 1298.0, 1258.0], [1260.0, 1282.0, 1269.0, 1285.0, 1231.0], [1300.0, 1310.0, 1227.0, 1226.0, 1244.0], [1322.0, 1228.0, 1345.0, 1247.0, 1284.0], [1306.0, 1280.0, 1324.0, 1299.0, 1290.0], [1337.0, 1249.0, 1278.0, 1255.0, 1261.0], [1306.0, 1273.0, 1268.0, 1287.0, 1198.0], [1284.0, 1321.0, 1262.0, 1214.0, 1225.0], [1321.0, 1241.0, 1241.0, 1248.0, 1246.0], [1282.0, 1266.0, 1254.0, 1269.0, 1199.0], [1338.0, 1280.0, 1278.0, 1241.0, 1291.0], [1299.0, 1327.0, 1248.0, 1318.0, 1226.0], [1274.0, 1272.0, 1288.0, 1258.0, 1283.0], [1275.0, 1263.0, 1270.0, 1279.0, 1209.0], [1297.0, 1282.0, 1309.0, 1213.0, 1267.0], [1314.0, 1337.0, 1259.0, 1265.0, 1276.0], [1229.0, 1261.0, 1335.0, 1251.0, 1190.0], [1245.0, 1266.0, 1249.0, 1298.0, 1266.0], [1328.0, 1247.0, 1276.0, 1242.0, 1252.0], [1306.0, 1324.0, 1265.0, 1282.0, 1271.0], [1304.0, 1269.0, 1285.0, 1253.0, 1281.0], [1306.0, 1247.0, 1234.0, 1310.0, 1295.0], [1264.0, 1328.0, 1299.0, 1270.0, 1241.0], [1317.0, 1301.0, 1254.0, 1288.0, 1199.0], [1301.0, 1336.0, 1245.0, 1236.0, 1275.0], [1318.0, 1258.0, 1339.0, 1238.0, 1241.0], [1322.0, 1304.0, 1309.0, 1245.0, 1216.0], [1315.0, 1246.0, 1279.0, 1237.0, 1236.0], [1342.0, 1259.0, 1281.0, 1245.0, 1284.0], [1333.0, 1266.0, 1327.0, 1246.0, 1228.0], [1332.0, 1302.0, 1229.0, 1228.0, 1259.0], [1287.0, 1256.0, 1230.0, 1225.0, 1281.0], [1299.0, 1233.0, 1227.0, 1316.0, 1286.0], [1284.0, 1277.0, 1294.0, 1227.0, 1258.0], [1341.0, 1230.0, 1300.0, 1212.0, 1253.0], [1266.0, 1292.0, 1226.0, 1214.0, 1310.0], [1347.0, 1262.0, 1323.0, 1181.0, 1332.0], [1291.0, 1307.0, 1336.0, 1302.0, 1279.0], [1362.0, 1258.0, 1296.0, 1211.0, 1242.0], [1288.0, 1240.0, 1276.0, 1298.0, 1256.0], [1279.0, 1359.0, 1315.0, 1296.0, 1204.0], [1299.0, 1251.0, 1252.0, 1297.0, 1318.0], [1293.0, 1306.0, 1245.0, 1313.0, 1294.0], [1286.0, 1265.0, 1274.0, 1331.0, 1307.0], [1288.0, 1282.0, 1258.0, 1292.0, 1258.0], [1285.0, 1306.0, 1292.0, 1267.0, 1241.0], [1338.0, 1300.0, 1307.0, 1247.0, 1285.0], [1292.0, 1346.0, 1296.0, 1285.0, 1299.0], [1335.0, 1223.0, 1229.0, 1223.0, 1234.0], [1291.0, 1269.0, 1289.0, 1223.0, 1268.0], [1314.0, 1327.0, 1232.0, 1241.0, 1231.0], [1305.0, 1294.0, 1275.0, 1315.0, 1233.0], [1309.0, 1296.0, 1305.0, 1351.0, 1292.0], [1266.0, 1274.0, 1263.0, 1244.0, 1209.0], [1305.0, 1335.0, 1279.0, 1175.0, 1291.0], [1333.0, 1297.0, 1262.0, 1206.0, 1248.0], [1296.0, 1230.0, 1232.0, 1261.0, 1237.0], [1272.0, 1267.0, 1257.0, 1260.0, 1256.0], [1306.0, 1274.0, 1244.0, 1275.0, 1163.0], [1309.0, 1251.0, 1242.0, 1210.0, 1233.0], [1266.0, 1291.0, 1254.0, 1252.0, 1239.0], [1329.0, 1321.0, 1280.0, 1236.0, 1239.0], [1366.0, 1317.0, 1261.0, 1219.0, 1224.0], [1266.0, 1291.0, 1316.0, 1272.0, 1241.0], [1293.0, 1271.0, 1249.0, 1277.0, 1257.0], [1335.0, 1283.0, 1280.0, 1271.0, 1256.0], [1294.0, 1318.0, 1300.0, 1238.0, 1261.0], [1348.0, 1300.0, 1247.0, 1273.0, 1252.0]], "ideal_count": 10000}