{
    "success_extrapolations": [
        7406.29192537974,
        1532.8938004154297,
        8117.527545373004,
        9094.017416708044,
        9144.928829553186,
        4795.628164250943,
        8120.52772458159,
        9396.254533504294,
        7674.771390008159,
        2876.332790205829,
        8485.656086740155,
        4022.311856834119,
        5886.819775750455,
        9623.912130646935,
        6180.87882559697,
        2560.0958064796064,
        2036.8397819980416,
        6300.16456805055,
        7128.293137584144,
        5624.666183110453
    ],
    "fail_extrapolations": [
        -20574.035608523063,
        25963.953691895716,
        -5759.976133245382,
        15847.7020043589,
        -22444.88703905372,
        -3076.6805693047613,
        -15142.170393525757,
        11474.49735339593,
        -6089.004960032005,
        31017.04382975803,
        -15123.967286958205,
        -19967.18471075603,
        1307.4862313191477,
        22183.366454149982,
        -2591.358129955544,
        14626.421594927637,
        -4990.63905175655,
        18570.879186921364,
        -4164.555187151905,
        17369.71540563788,
        12628.961335694445,
        -13100.151773838325,
        -15409.512740532453,
        -7949.607678656868,
        12172.887568915854,
        -5414.150686936041,
        155.96167080577519,
        18246.909273510013,
        -2741.2793555478356,
        17107.00383767242,
        -10074.794515152986,
        12043.727981785625,
        -97.05334189244523,
        -16149.883702093544,
        24974.40815818914,
        26544.151284774976,
        -12519.374037719028,
        29811.670795889604,
        -9344.033563416415,
        -5427.527210753913,
        13188.921761753629,
        22612.497873532036,
        17314.214020781073,
        -8503.24036827971,
        -5365.9278922303165,
        -3639.21739465822,
        18498.841937831225,
        22403.889036088,
        -10679.650917865738,
        -4386.570358660991,
        -4477.635231076005,
        -3646.1323562165303,
        88.14064302523094,
        -5531.942158470015,
        -4052.382132690475,
        -10395.886002178084,
        29414.237428577613,
        -11985.40306654188,
        26671.350402624677,
        -22487.514954649523,
        16475.494738603724,
        11270.676967171381,
        -16802.928126312796,
        -27083.815293587726,
        -25720.72352536606,
        10605.53867473898,
        -4933.762969646273,
        -8180.614809589877,
        -20104.34447369672,
        20637.027669939645,
        -18244.113109048703,
        11148.240324085948,
        29874.095718561905,
        26515.43103176718,
        -9428.842786278554,
        11253.897208280345,
        13340.572560637826,
        14055.500686473419,
        -4127.4655485462845,
        -8195.453486225759
    ],
    "success_counts_without_mit": [
        1498.0,
        1498.0,
        1471.0,
        1479.0,
        1532.0,
        1495.0,
        1490.0,
        1488.0,
        1499.0,
        1551.0,
        1501.0,
        1465.0,
        1525.0,
        1556.0,
        1449.0,
        1487.0,
        1492.0,
        1527.0,
        1487.0,
        1479.0
    ],
    "fail_counts_without_mit": [
        1477.0,
        1477.0,
        1480.0,
        1506.0,
        1530.0,
        1506.0,
        1459.0,
        1525.0,
        1539.0,
        1497.0,
        1484.0,
        1551.0,
        1531.0,
        1512.0,
        1513.0,
        1524.0,
        1540.0,
        1504.0,
        1495.0,
        1484.0,
        1558.0,
        1493.0,
        1486.0,
        1477.0,
        1516.0,
        1521.0,
        1529.0,
        1559.0,
        1458.0,
        1510.0,
        1507.0,
        1499.0,
        1460.0,
        1476.0,
        1511.0,
        1523.0,
        1502.0,
        1580.0,
        1533.0,
        1493.0,
        1520.0,
        1555.0,
        1517.0,
        1495.0,
        1503.0,
        1490.0,
        1541.0,
        1500.0,
        1506.0,
        1556.0,
        1488.0,
        1451.0,
        1526.0,
        1479.0,
        1510.0,
        1465.0,
        1580.0,
        1557.0,
        1539.0,
        1475.0,
        1497.0,
        1513.0,
        1426.0,
        1484.0,
        1490.0,
        1514.0,
        1474.0,
        1542.0,
        1479.0,
        1555.0,
        1516.0,
        1504.0,
        1504.0,
        1566.0,
        1533.0,
        1476.0,
        1521.0,
        1506.0,
        1462.0,
        1535.0
    ],
    "n_sample_where_extrapolation_is_better_than_nomit": 20,