{
    "success_extrapolations": [
        1305.3999999999999,
        1282.7999999999997,
        1311.3999999999999,
        1301.1999999999996,
        1301.0,
        1297.1999999999998,
        1296.4,
        1316.6,
        1299.3999999999999,
        1280.7999999999997,
        1294.5999999999995,
        1258.7999999999995,
        1277.0,
        1264.7999999999993,
        1338.8000000000002,
        1309.2,
        1288.5999999999997,
        1353.9999999999993,
        1307.3999999999994,
        1320.3999999999994,
        1347.3999999999999,
        1277.1999999999998,
        1303.6,
        1329.2,
        1281.1999999999996,
        1348.6,
        1310.6,
        1265.1999999999996,
        1260.5999999999997,
        1296.1999999999996,
        1326.4,
        1264.5999999999997,
        1341.6000000000001,
        1267.5999999999992,
        1256.3999999999996,
        1345.6000000000001,
        1261.3999999999996,
        1345.9999999999998,
        1305.9999999999998,
        1285.5999999999997,
        1311.3999999999999,
        1347.9999999999993,
        1249.5999999999995,
        1295.9999999999998,
        1339.5999999999995,
        1310.8,
        1362.8,
        1259.1999999999996,
        1387.7999999999995,
        1299.6,
        1294.3999999999996,
        1319.2,
        1308.9999999999995,
        1306.1999999999996,
        1344.7999999999997,
        1372.3999999999994,
        1283.6000000000001,
        1294.2,
        1323.1999999999998,
        1257.4,
        1261.4,
        1350.7999999999995,
        1334.1999999999996,
        1305.1999999999996,
        1276.6,
        1322.3999999999999,
        1291.1999999999996,
        1356.6,
        1350.1999999999998,
        1313.4,
        1332.3999999999999,
        1293.0,
        1261.8,
        1311.3999999999996,
        1331.7999999999995,
        1258.4
    ],
    "fail_extrapolations": [
        1218.6,
        1284.5999999999997,
        1253.5999999999997,
        1253.4,
        1217.3999999999996,
        1238.6000000000001,
        1240.1999999999994,
        1213.7999999999997,
        1267.6000000000004,
        1262.1999999999998,
        1264.8,
        1232.1999999999996,
        1336.6000000000001,
        1250.9999999999998,
        1248.6,
        1270.7999999999995,
        1247.3999999999994,
        1247.1999999999996,
        1176.3999999999996,
        1230.5999999999997,
        1300.7999999999997,
        1268.5999999999997,
        1260.1999999999998,
        1242.5999999999997
    ],
    "success_counts_without_mit": [
        1297.0,
        1270.0,
        1303.0,
        1295.0,
        1296.0,
        1288.0,
        1296.0,
        1307.0,
        1289.0,
        1278.0,
        1290.0,
        1256.0,
        1265.0,
        1261.0,
        1318.0,
        1302.0,
        1286.0,
        1341.0,
        1298.0,
        1306.0,
        1329.0,
        1273.0,
        1299.0,
        1316.0,
        1276.0,
        1326.0,
        1300.0,
        1262.0,
        1259.0,
        1296.0,
        1319.0,
        1249.0,
        1328.0,
        1261.0,
        1248.0,
        1318.0,
        1261.0,
        1331.0,
        1292.0,
        1278.0,
        1294.0,
        1330.0,
        1247.0,
        1275.0,
        1323.0,
        1301.0,
        1352.0,
        1257.0,
        1364.0,
        1276.0,
        1288.0,
        1316.0,
        1294.0,
        1298.0,
        1326.0,
        1357.0,
        1275.0,
        1279.0,
        1299.0,
        1253.0,
        1260.0,
        1335.0,
        1327.0,
        1298.0,
        1264.0,
        1311.0,
        1280.0,
        1325.0,
        1339.0,
        1298.0,
        1325.0,
        1283.0,
        1255.0,
        1295.0,
        1319.0,
        1256.0
    ],
    "fail_counts_without_mit": [
        1230.0,
        1288.0,
        1255.0,
        1256.0,
        1219.0,
        1243.0,
        1244.0,
        1223.0,
        1270.0,
        1267.0,
        1268.0,
        1243.0,
        1338.0,
        1256.0,
        1252.0,
        1279.0,
        1250.0,
        1250.0,
        1188.0,
        1233.0,
        1301.0,
        1275.0,
        1265.0,
        1248.0
    ],
    "n_sample_where_extrapolation_is_better_than_nomit": 76,
    "n_sample": 100,