{
    "success_extrapolations": [
        6286.075508833621,
        3468.8435225442254,
        2321.993636892695,
        2818.9828945959457,
        8347.577563899753,
        1786.736275878447,
        1393.47126524513,
        9186.747134727797,
        1353.9530989186803,
        2427.6328231804255,
        5438.65637036514,
        8921.681174921221,
        2853.365399305707,
        3665.252846325636,
        4490.105393875451
    ],
    "fail_extrapolations": [
        -8377.57457709527,
        42203.833858391474,
        13813.23300908518,
        -28499.70995701901,
        -16476.48129264115,
        -16.580225801539655,
        29333.290463533238,
        29161.16899385113,
        21508.168366382557,
        16408.900889575143,
        11282.331614419465,
        17913.609343978274,
        -737.3675784578011,
        -19120.19300533068,
        -25441.265256363622,
        -24035.192155911383,
        34686.31326086003,
        12875.697335231815,
        -8520.01347266773,
        21787.55591126391,
        12239.606603890848,
        12817.851726780566,
        -6803.683227318374,
        -6880.23031901973,
        17147.122476932243,
        -17807.24779400595,
        -22404.435291968886,
        -367.98269790427895,
        -28969.921649069052,
        -8826.250953707979,
        -10816.800463020802,
        -29340.555375577358,
        22429.522443030717,
        18755.224255561272,
        -10865.402207411715,
        22449.28999973222,
        -1255.376067295638,
        -5719.674955085297,
        19114.96020750267,
        12115.82954478165,
        -14289.190499818009,
        -2094.181079007085,
        -1239.8699696016324,
        -24169.50937879527,
        -10918.957980273632,
        -8138.7118574134465,
        27672.02480551665,
        10345.718449751272,
        10656.900906574765,
        -25560.6340737398,
        20522.646018045718,
        10507.52087678496,
        26201.598630817585,
        -18430.62886067683,
        -35763.41926277963,
        -27764.88473799916,
        -830.9739006721103,
        -13838.055883340592,
        26118.020143675898,
        17407.344156563242,
        -2155.057281073396,
        -4638.922869543278,
        33367.973676769165,
        -14911.370371962867,
        -8591.615658038269,
        -5409.450428517996,
        23500.24677751941,
        -614.8399840314455,
        -28608.985340361545,
        429.3012607244012,
        -4743.305612712895,
        -94.17526809556492,
        15214.685803738073,
        -5848.604698651622,
        1193.1266516661376,
        -4924.118486275987,
        26919.02636982628,
        -7869.119814065132,
        27.765596096377422,
        24983.306404328523,
        -21486.225311380775,
        879.7981104936244,
        27263.93230492101,
        22043.72898515121,
        -17122.594587705724
    ],
    "success_counts_without_mit": [
        1240.0,
        1261.0,
        1279.0,
        1281.0,
        1255.0,
        1300.0,
        1323.0,
        1299.0,
        1248.0,
        1307.0,
        1253.0,
        1294.0,
        1297.0,
        1249.0,
        1271.0
    ],
    "fail_counts_without_mit": [
        1271.0,
        1304.0,
        1335.0,
        1269.0,
        1308.0,
        1318.0,
        1328.0,
        1333.0,
        1311.0,
        1314.0,
        1335.0,
        1269.0,
        1291.0,
        1296.0,
        1281.0,
        1300.0,
        1295.0,
        1274.0,
        1283.0,
        1304.0,
        1299.0,
        1272.0,
        1287.0,
        1321.0,
        1294.0,
        1228.0,
        1306.0,
        1294.0,
        1318.0,
        1291.0,
        1259.0,
        1238.0,
        1301.0,
        1284.0,
        1282.0,
        1320.0,
        1317.0,
        1298.0,
        1229.0,
        1293.0,
        1291.0,
        1226.0,
        1308.0,
        1285.0,
        1282.0,
        1253.0,
        1287.0,
        1254.0,
        1164.0,
        1264.0,
        1243.0,
        1287.0,
        1225.0,
        1294.0,
        1291.0,
        1271.0,
        1338.0,
        1332.0,
        1335.0,
        1249.0,
        1296.0,
        1267.0,
        1282.0,
        1309.0,
        1222.0,
        1310.0,
        1308.0,
        1305.0,
        1245.0,
        1302.0,
        1210.0,
        1297.0,
        1307.0,
        1300.0,
        1269.0,
        1260.0,
        1315.0,
        1299.0,
        1283.0,
        1332.0,
        1276.0,
        1223.0,
        1320.0,
        1337.0,
        1312.0
    ],
    "n_sample_where_extrapolation_is_better_than_nomit": 15,
    "n_sample": 100,