{
    "success_extrapolations": [
        3847.762396822426,
        3462.374582437252,
        2155.1414615145477,
        3731.058784822401,
        1391.4998012895662,
        3496.226925139915,
        4851.343583558748,
        3245.804996550792,
        3005.9663962836335,
        2759.0864586326743,
        2815.544610709253,
        1884.1697038830557,
        4026.713945878956,
        4482.416444082799,
        3165.6464013783625,
        3404.31905608946,
        3371.8343320586396,
        4979.062186725239,
        2018.5892170205002,
        2460.31433127211,
        6030.224003827529,
        5644.217955877652,
        1879.9987506687035,
        3490.48689313224,
        1793.9052235931479,
        1481.7858208226155,
        2195.980749662781,
        3133.284454238279,
        1607.345517847682,
        2361.4251059152066,
        2852.3850617074227,
        1652.3526389428505,
        1818.4330381513407,
        2511.880014680843,
        2280.1706660158243,
        3624.417652508224,
        4504.187818317278,
        6685.283657631095,
        3117.3153297,
        1577.3875235251833,
        3631.935320104666,
        4641.002197058424,
        4229.323625168384,
        2551.0838543969317,
        3668.838426585705,
        1905.9073242504203,
        2409.912061655319,
        4946.361670227634,
        2315.701678698492,
        6005.129817251864,
        2875.8407528508496,
        2033.8708303158332,
        4088.1407517480875,
        2689.0475203244346,
        5649.457867297142,
        3600.909214945035,
        2765.367851000487,
        2942.6835995929955,
        3397.366933586653,
        1811.344682580402
    ],
    "fail_extrapolations": [
        929.1956250645833,
        -468.9150218949499,
        11.089719738351723,
        213.26133213349385,
        717.2465779864256,
        -3262.6037022078895,
        -307.36149969036296,
        505.78230794383904,
        1262.551347799992,
        -577.8950472505543,
        -1826.5959352469965,
        943.7966604383632,
        1081.6263371861792,
        -2547.110756281368,
        41.663204376691155,
        893.7513136774811,
        -575.2247960004128,
        729.8524738102957,
        -718.5115895102388,
        -2416.853327021634,
        -195.83414384858096,
        -163.85422124940587,
        -1099.8198932014989,
        -979.6086667560319,
        -316.19595575731444,
        19.336797113305675,
        641.8429776927214,
        998.8116190025254,
        -267.6205301073304,
        1245.66369524376,
        -1988.588932616217,
        -873.7634208930856,
        -482.8976226970252,
        1132.2806022728964,
        211.52992395854997,
        1164.8212214261162,
        -901.1769140322878,
        993.3367351126574,
        903.3153025664959,
        183.4216385631466
    ],
    "success_counts_without_mit": [
        1270.0,
        1324.0,
        1237.0,
        1336.0,
        1334.0,
        1322.0,
        1235.0,
        1300.0,
        1290.0,
        1353.0,
        1307.0,
        1335.0,
        1345.0,
        1269.0,
        1301.0,
        1321.0,
        1267.0,
        1311.0,
        1259.0,
        1338.0,
        1304.0,
        1282.0,
        1283.0,
        1304.0,
        1222.0,
        1268.0,
        1300.0,
        1295.0,
        1273.0,
        1321.0,
        1327.0,
        1288.0,
        1278.0,
        1284.0,
        1284.0,
        1348.0,
        1307.0,
        1320.0,
        1284.0,
        1276.0,
        1297.0,
        1299.0,
        1292.0,
        1262.0,
        1223.0,
        1317.0,
        1281.0,
        1320.0,
        1306.0,
        1279.0,
        1297.0,
        1271.0,
        1304.0,
        1244.0,
        1312.0,
        1309.0,
        1220.0,
        1352.0,
        1328.0,
        1262.0
    ],
    "fail_counts_without_mit": [
        1254.0,
        1254.0,
        1296.0,
        1293.0,
        1290.0,
        1276.0,
        1330.0,
        1291.0,
        1298.0,
        1290.0,
        1286.0,
        1276.0,
        1243.0,
        1220.0,
        1249.0,
        1314.0,
        1299.0,
        1250.0,
        1286.0,
        1282.0,
        1243.0,
        1277.0,
        1292.0,
        1277.0,
        1277.0,
        1274.0,
        1344.0,
        1216.0,
        1209.0,
        1301.0,
        1311.0,
        1281.0,
        1273.0,
        1336.0,
        1209.0,
        1255.0,
        1269.0,
        1240.0,
        1331.0,
        1246.0
    ],
    "n_sample_where_extrapolation_is_better_than_nomit": 60,
    "n_sample": 100,